<?xml version="1.0" encoding="UTF-8"?><MD_Metadata xmlns:xlink="http://www.w3.org/1999/xlink" xmlns:srv="http://www.isotc211.org/2005/srv" xmlns:gts="http://www.isotc211.org/2005/gts" xmlns:xalan="http://xml.apache.org/xalan" xmlns:gco="http://www.isotc211.org/2005/gco" xmlns:gml="http://www.opengis.net/gml" xmlns:xsi="http://www.w3.org/2001/XMLSchema-instance" xmlns="http://www.isotc211.org/2005/gmd">
<fileIdentifier>
<gco:CharacterString>1477514527169r5945897870296437</gco:CharacterString>
</fileIdentifier>
<language>
<LanguageCode codeList="http://www.loc.gov/standards/iso639-2/php/code_list.php" codeListValue="eng" codeSpace="ISO639-2">eng</LanguageCode>
</language>
<characterSet>
<MD_CharacterSetCode codeList="http://www.isotc211.org/2005/resources/Codelist/gmxCodelists.xml#MD_CharacterSetCode" codeListValue="utf8" codeSpace="ISOTC211/19115">utf8</MD_CharacterSetCode>
</characterSet>
<hierarchyLevel>
<MD_ScopeCode codeList="http://www.isotc211.org/2005/resources/Codelist/gmxCodelists.xml#MD_ScopeCode" codeListValue="dataset" codeSpace="ISOTC211/19115">dataset</MD_ScopeCode>
</hierarchyLevel>
<contact>
<CI_ResponsibleParty>
<individualName>
<gco:CharacterString>GIS Database Administrator</gco:CharacterString>
</individualName>
<organisationName>
<gco:CharacterString>VT Center for Geographic Information</gco:CharacterString>
</organisationName>
<contactInfo>
<CI_Contact>
<phone>
<CI_Telephone>
<voice>
<gco:CharacterString>802/882-3002</gco:CharacterString>
</voice>
<voice>
<gco:CharacterString>None</gco:CharacterString>
</voice>
<facsimile>
<gco:CharacterString>802/828-3383</gco:CharacterString>
</facsimile>
</CI_Telephone>
</phone>
<address>
<CI_Address>
<deliveryPoint>
<gco:CharacterString>1 National Life Dr., Davis Building, 6th Floor</gco:CharacterString>
</deliveryPoint>
<city>
<gco:CharacterString>Montpelier</gco:CharacterString>
</city>
<administrativeArea>
<gco:CharacterString>VT</gco:CharacterString>
</administrativeArea>
<postalCode>
<gco:CharacterString>05620-0501</gco:CharacterString>
</postalCode>
<country>
<Country codeList="http://www.iso.org/iso/country_codes/iso_3166_code_lists.htm" codeListValue="US" codeSpace="ISO3166-1">US</Country>
</country>
</CI_Address>
</address>
</CI_Contact>
</contactInfo>
<role>
<CI_RoleCode codeList="http://www.isotc211.org/2005/resources/Codelist/gmxCodelists.xml#CI_RoleCode" codeListValue="pointOfContact" codeSpace="ISOTC211/19115">pointOfContact</CI_RoleCode>
</role>
</CI_ResponsibleParty>
</contact>
<dateStamp>
<gco:Date>2011-06-24</gco:Date>
</dateStamp>
<metadataStandardName>
<gco:CharacterString>NAP - Metadata</gco:CharacterString>
</metadataStandardName>
<metadataStandardVersion>
<gco:CharacterString>1.2</gco:CharacterString>
</metadataStandardVersion>
<spatialRepresentationInfo>
<MD_VectorSpatialRepresentation>
<geometricObjects>
<MD_GeometricObjects>
<geometricObjectType>
<MD_GeometricObjectTypeCode codeList="http://www.isotc211.org/2005/resources/Codelist/gmxCodelists.xml#MD_GeometricObjectTypeCode" codeListValue="composite" codeSpace="ISOTC211/19115">composite</MD_GeometricObjectTypeCode>
</geometricObjectType>
<geometricObjectCount>
<gco:Integer>100000</gco:Integer>
</geometricObjectCount>
</MD_GeometricObjects>
</geometricObjects>
</MD_VectorSpatialRepresentation>
</spatialRepresentationInfo>
<referenceSystemInfo>
<MD_ReferenceSystem>
<referenceSystemIdentifier>
<RS_Identifier>
<code>
<gco:CharacterString>32145</gco:CharacterString>
</code>
<codeSpace>
<gco:CharacterString>EPSG</gco:CharacterString>
</codeSpace>
</RS_Identifier>
</referenceSystemIdentifier>
</MD_ReferenceSystem>
</referenceSystemInfo>
<identificationInfo>
<MD_DataIdentification>
<citation>
<CI_Citation>
<title>
<gco:CharacterString>TourismTrails_GMNFTRAILS</gco:CharacterString>
</title>
<date>
<CI_Date>
<date>
<gco:Date>2009-01-01</gco:Date>
</date>
<dateType>
<CI_DateTypeCode codeList="http://www.isotc211.org/2005/resources/Codelist/gmxCodelists.xml#CI_DateTypeCode" codeListValue="publication" codeSpace="ISOTC211/19115">publication</CI_DateTypeCode>
</dateType>
</CI_Date>
</date>
<edition>
<gco:CharacterString>2009A</gco:CharacterString>
</edition>
<citedResponsibleParty>
<CI_ResponsibleParty>
<organisationName>
<gco:CharacterString>Green Mountain &amp; Finger Lakes National Forest</gco:CharacterString>
</organisationName>
<contactInfo>
<CI_Contact>
<address>
<CI_Address>
<deliveryPoint>
<gco:CharacterString>Rutland VT 05701</gco:CharacterString>
</deliveryPoint>
</CI_Address>
</address>
</CI_Contact>
</contactInfo>
<role>
<CI_RoleCode codeList="http://www.isotc211.org/2005/resources/Codelist/gmxCodelists.xml#CI_RoleCode" codeListValue="publisher" codeSpace="ISOTC211/19115">publisher</CI_RoleCode>
</role>
</CI_ResponsibleParty>
</citedResponsibleParty>
<citedResponsibleParty>
<CI_ResponsibleParty>
<organisationName>
<gco:CharacterString>Green Mountain and Finger Lakes National Forest, USDA Forest Service</gco:CharacterString>
</organisationName>
<contactInfo gco:nilReason="missing"/>
<role>
<CI_RoleCode codeList="http://www.isotc211.org/2005/resources/Codelist/gmxCodelists.xml#CI_RoleCode" codeListValue="originator" codeSpace="ISOTC211/19115">originator</CI_RoleCode>
</role>
</CI_ResponsibleParty>
</citedResponsibleParty>
<presentationForm>
<CI_PresentationFormCode codeList="http://www.isotc211.org/2005/resources/Codelist/gmxCodelists.xml#CI_PresentationFormCode" codeListValue="mapDigital" codeSpace="ISOTC211/19115">mapDigital</CI_PresentationFormCode>
</presentationForm>
<series>
<CI_Series>
<name>
<gco:CharacterString>Trails and minor roads on the Green Mountain National Forest, Vermont - 2009</gco:CharacterString>
</name>
<issueIdentification>
<gco:CharacterString>2009A</gco:CharacterString>
</issueIdentification>
</CI_Series>
</series>
<otherCitationDetails>
<gco:CharacterString>Tile Structure - NONE</gco:CharacterString>
</otherCitationDetails>
</CI_Citation>
</citation>
<abstract>
<gco:CharacterString>(Link to Metadata) GMNFTRAILS contains minor Forest Service roads and all trails within the proclamation boundary of the Green Mountain National Forest and many of the public roads and trails from Addison, Bennington, Rutland, Washington, Windham, and Windsor Counties, Vermont. A road is a motor vehicle travel way over 50 inches wide, unless classified and managed as a trail. A road may be classified or unclassified. Classified roads are roads within National Forest System lands planned and managed for motor vehicle access including State roads, county roads, private roads, permitted roads, and Forest Service roads. Unclassified roads are roads not intended to be a part of nor managed as a part of the forest transportation system, such as temporary roads, and unplanned, unengineered, unauthorized off-road vehicle tracks and abandoned travel ways. A trail is a linear feature constructed for the purpose of allowing the free movement of people or stock. Original linework was derived from Forest Service Cartographic Feature Files and supplemented with state-wide data from the Vermont Agency of Transportation. However, these original sources have been highly refined and edited. See the Data Quality section for more details. GMNFTRAILS dataset contains three main feature classes 1) route_ltat = Long Trail (LT) and Appalachian Trail (AT) within the GMNF 2) route_trail = All trails within the GMNF 3) route_road = All roads (excluding highways) within the GMNF GMNFTRAILS exludes the route_highway and "arc" features from the original TRAVEL_ROUTE coverage.</gco:CharacterString>
</abstract>
<purpose>
<gco:CharacterString>To depict the location of trail and minor roads within the GMNF.</gco:CharacterString>
</purpose>
<status>
<MD_ProgressCode codeList="http://www.isotc211.org/2005/resources/Codelist/gmxCodelists.xml#MD_ProgressCode" codeListValue="completed" codeSpace="ISOTC211/19115">completed</MD_ProgressCode>
</status>
<pointOfContact>
<CI_ResponsibleParty>
<organisationName>
<gco:CharacterString>VT Center for Geographic Information</gco:CharacterString>
</organisationName>
<contactInfo>
<CI_Contact>
<phone>
<CI_Telephone>
<voice>
<gco:CharacterString>802/882-3002</gco:CharacterString>
</voice>
<voice>
<gco:CharacterString>None</gco:CharacterString>
</voice>
<facsimile>
<gco:CharacterString>802/828-3383</gco:CharacterString>
</facsimile>
</CI_Telephone>
</phone>
<address>
<CI_Address>
<deliveryPoint>
<gco:CharacterString>1 National Life Dr., Davis Building, 6th Floor</gco:CharacterString>
</deliveryPoint>
<city>
<gco:CharacterString>Montpelier</gco:CharacterString>
</city>
<administrativeArea>
<gco:CharacterString>VT</gco:CharacterString>
</administrativeArea>
<postalCode>
<gco:CharacterString>05620-0501</gco:CharacterString>
</postalCode>
<country>
<Country codeList="http://www.iso.org/iso/country_codes/iso_3166_code_lists.htm" codeListValue="US" codeSpace="ISO3166-1">US</Country>
</country>
<electronicMailAddress>
<gco:CharacterString>accd.vcgiinfo@vermont.gov</gco:CharacterString>
</electronicMailAddress>
</CI_Address>
</address>
<hoursOfService>
<gco:CharacterString>9am - 5pm, M-F</gco:CharacterString>
</hoursOfService>
</CI_Contact>
</contactInfo>
<role>
<CI_RoleCode codeList="http://www.isotc211.org/2005/resources/Codelist/gmxCodelists.xml#CI_RoleCode" codeListValue="pointOfContact" codeSpace="ISOTC211/19115">pointOfContact</CI_RoleCode>
</role>
</CI_ResponsibleParty>
</pointOfContact>
<resourceMaintenance>
<MD_MaintenanceInformation>
<maintenanceAndUpdateFrequency>
<MD_MaintenanceFrequencyCode codeList="http://www.isotc211.org/2005/resources/Codelist/gmxCodelists.xml#MD_MaintenanceFrequencyCode" codeListValue="continual" codeSpace="ISOTC211/19115">continual</MD_MaintenanceFrequencyCode>
</maintenanceAndUpdateFrequency>
</MD_MaintenanceInformation>
</resourceMaintenance>
<descriptiveKeywords>
<MD_Keywords>
<keyword>
<gco:CharacterString>Vermont</gco:CharacterString>
</keyword>
<keyword>
<gco:CharacterString>Green Mountain National Forest</gco:CharacterString>
</keyword>
<type>
<MD_KeywordTypeCode codeList="http://www.isotc211.org/2005/resources/Codelist/gmxCodelists.xml#MD_KeywordTypeCode" codeListValue="place" codeSpace="ISOTC211/19115">place</MD_KeywordTypeCode>
</type>
</MD_Keywords>
</descriptiveKeywords>
<descriptiveKeywords>
<MD_Keywords>
<keyword>
<gco:CharacterString>Vermont</gco:CharacterString>
</keyword>
<keyword>
<gco:CharacterString>Green Mountain National Forest</gco:CharacterString>
</keyword>
<type>
<MD_KeywordTypeCode codeList="http://www.isotc211.org/2005/resources/Codelist/gmxCodelists.xml#MD_KeywordTypeCode" codeListValue="place" codeSpace="ISOTC211/19115">place</MD_KeywordTypeCode>
</type>
</MD_Keywords>
</descriptiveKeywords>
<descriptiveKeywords>
<MD_Keywords>
<keyword>
<gco:CharacterString>society</gco:CharacterString>
</keyword>
<type>
<MD_KeywordTypeCode codeList="http://www.isotc211.org/2005/resources/Codelist/gmxCodelists.xml#MD_KeywordTypeCode" codeListValue="theme" codeSpace="ISOTC211/19115">theme</MD_KeywordTypeCode>
</type>
<thesaurusName>
<CI_Citation>
<title>
<gco:CharacterString>ISO 19115 Topic Category</gco:CharacterString>
</title>
<date gco:nilReason="missing"/>
<citedResponsibleParty gco:nilReason="missing"/>
</CI_Citation>
</thesaurusName>
</MD_Keywords>
</descriptiveKeywords>
<descriptiveKeywords>
<MD_Keywords>
<keyword>
<gco:CharacterString>Forest Service Trails</gco:CharacterString>
</keyword>
<keyword>
<gco:CharacterString>Trails</gco:CharacterString>
</keyword>
<keyword>
<gco:CharacterString>Forest Service Roads</gco:CharacterString>
</keyword>
<keyword>
<gco:CharacterString>Roads</gco:CharacterString>
</keyword>
<keyword>
<gco:CharacterString>National Forest Lands</gco:CharacterString>
</keyword>
<type>
<MD_KeywordTypeCode codeList="http://www.isotc211.org/2005/resources/Codelist/gmxCodelists.xml#MD_KeywordTypeCode" codeListValue="theme" codeSpace="ISOTC211/19115">theme</MD_KeywordTypeCode>
</type>
<thesaurusName>
<CI_Citation>
<title>
<gco:CharacterString>US Forest Service GIS Data Dictionary</gco:CharacterString>
</title>
<date gco:nilReason="missing"/>
<citedResponsibleParty gco:nilReason="missing"/>
</CI_Citation>
</thesaurusName>
</MD_Keywords>
</descriptiveKeywords>
<descriptiveKeywords>
<MD_Keywords>
<keyword>
<gco:CharacterString>Forest Service Trails</gco:CharacterString>
</keyword>
<keyword>
<gco:CharacterString>Trails</gco:CharacterString>
</keyword>
<keyword>
<gco:CharacterString>Forest Service Roads</gco:CharacterString>
</keyword>
<keyword>
<gco:CharacterString>Roads</gco:CharacterString>
</keyword>
<keyword>
<gco:CharacterString>National Forest Lands</gco:CharacterString>
</keyword>
<type>
<MD_KeywordTypeCode codeList="http://www.isotc211.org/2005/resources/Codelist/gmxCodelists.xml#MD_KeywordTypeCode" codeListValue="theme" codeSpace="ISOTC211/19115">theme</MD_KeywordTypeCode>
</type>
<thesaurusName>
<CI_Citation>
<title>
<gco:CharacterString>US Forest Service GIS Data Dictionary</gco:CharacterString>
</title>
<date gco:nilReason="missing"/>
<citedResponsibleParty gco:nilReason="missing"/>
</CI_Citation>
</thesaurusName>
</MD_Keywords>
</descriptiveKeywords>
<descriptiveKeywords>
<MD_Keywords>
<keyword>
<gco:CharacterString>Forest Service Trails</gco:CharacterString>
</keyword>
<keyword>
<gco:CharacterString>Trails</gco:CharacterString>
</keyword>
<keyword>
<gco:CharacterString>Forest Service Roads</gco:CharacterString>
</keyword>
<keyword>
<gco:CharacterString>Roads</gco:CharacterString>
</keyword>
<keyword>
<gco:CharacterString>National Forest Lands</gco:CharacterString>
</keyword>
<type>
<MD_KeywordTypeCode codeList="http://www.isotc211.org/2005/resources/Codelist/gmxCodelists.xml#MD_KeywordTypeCode" codeListValue="theme" codeSpace="ISOTC211/19115">theme</MD_KeywordTypeCode>
</type>
<thesaurusName>
<CI_Citation>
<title>
<gco:CharacterString>US Forest Service GIS Data Dictionary</gco:CharacterString>
</title>
<date gco:nilReason="missing"/>
<citedResponsibleParty gco:nilReason="missing"/>
</CI_Citation>
</thesaurusName>
</MD_Keywords>
</descriptiveKeywords>
<descriptiveKeywords>
<MD_Keywords>
<keyword>
<gco:CharacterString>Forest Service Trails</gco:CharacterString>
</keyword>
<keyword>
<gco:CharacterString>Trails</gco:CharacterString>
</keyword>
<keyword>
<gco:CharacterString>Forest Service Roads</gco:CharacterString>
</keyword>
<keyword>
<gco:CharacterString>Roads</gco:CharacterString>
</keyword>
<keyword>
<gco:CharacterString>National Forest Lands</gco:CharacterString>
</keyword>
<type>
<MD_KeywordTypeCode codeList="http://www.isotc211.org/2005/resources/Codelist/gmxCodelists.xml#MD_KeywordTypeCode" codeListValue="theme" codeSpace="ISOTC211/19115">theme</MD_KeywordTypeCode>
</type>
<thesaurusName>
<CI_Citation>
<title>
<gco:CharacterString>US Forest Service GIS Data Dictionary</gco:CharacterString>
</title>
<date gco:nilReason="missing"/>
<citedResponsibleParty gco:nilReason="missing"/>
</CI_Citation>
</thesaurusName>
</MD_Keywords>
</descriptiveKeywords>
<descriptiveKeywords>
<MD_Keywords>
<keyword>
<gco:CharacterString>Forest Service Trails</gco:CharacterString>
</keyword>
<keyword>
<gco:CharacterString>Trails</gco:CharacterString>
</keyword>
<keyword>
<gco:CharacterString>Forest Service Roads</gco:CharacterString>
</keyword>
<keyword>
<gco:CharacterString>Roads</gco:CharacterString>
</keyword>
<keyword>
<gco:CharacterString>National Forest Lands</gco:CharacterString>
</keyword>
<type>
<MD_KeywordTypeCode codeList="http://www.isotc211.org/2005/resources/Codelist/gmxCodelists.xml#MD_KeywordTypeCode" codeListValue="theme" codeSpace="ISOTC211/19115">theme</MD_KeywordTypeCode>
</type>
<thesaurusName>
<CI_Citation>
<title>
<gco:CharacterString>US Forest Service GIS Data Dictionary</gco:CharacterString>
</title>
<date gco:nilReason="missing"/>
<citedResponsibleParty gco:nilReason="missing"/>
</CI_Citation>
</thesaurusName>
</MD_Keywords>
</descriptiveKeywords>
<resourceConstraints>
<MD_Constraints>
<useLimitation>
<gco:CharacterString>VCGI and the State of VT make no representations of any kind, including but not limited to the warranties of merchantability or fitness for a particular use, nor are any such warranties to be implied with respect to the data, service, or application.</gco:CharacterString>
</useLimitation>
</MD_Constraints>
</resourceConstraints>
<resourceConstraints>
<MD_LegalConstraints>
<useLimitation>
<gco:CharacterString>VCGI and the State of Vermont make no representations of any kind, including but not limited to the warranties of merchantability or fitness for a particular use, nor are any such warranties to be implied with respect to the data.</gco:CharacterString>
</useLimitation>
<otherConstraints>
<gco:CharacterString>VCGI, GMNF, and the State of VT make no representations of any kind, including but not limited to the warranties of merchantability or fitness for a particular use, nor are any such warranties to be implied with respect to the data.</gco:CharacterString>
</otherConstraints>
</MD_LegalConstraints>
</resourceConstraints>
<resourceConstraints>
<MD_SecurityConstraints>
<classification>
<MD_ClassificationCode codeList="http://www.isotc211.org/2005/resources/Codelist/gmxCodelists.xml#MD_ClassificationCode" codeListValue="unclassified" codeSpace="ISOTC211/19115">unclassified</MD_ClassificationCode>
</classification>
<classificationSystem>
<gco:CharacterString>N/A</gco:CharacterString>
</classificationSystem>
<handlingDescription>
<gco:CharacterString>No Security Considerations</gco:CharacterString>
</handlingDescription>
</MD_SecurityConstraints>
</resourceConstraints>
<spatialRepresentationType>
<MD_SpatialRepresentationTypeCode codeList="http://www.isotc211.org/2005/resources/Codelist/gmxCodelists.xml#MD_SpatialRepresentationTypeCode" codeListValue="vector" codeSpace="ISOTC211/19115">vector</MD_SpatialRepresentationTypeCode>
</spatialRepresentationType>
<language>
<LanguageCode codeList="http://www.loc.gov/standards/iso639-2/php/code_list.php" codeListValue="eng" codeSpace="ISO639-2">eng</LanguageCode>
</language>
<characterSet>
<MD_CharacterSetCode codeList="http://www.isotc211.org/2005/resources/Codelist/gmxCodelists.xml#MD_CharacterSetCode" codeListValue="utf8" codeSpace="ISOTC211/19115">utf8</MD_CharacterSetCode>
</characterSet>
<topicCategory>
<MD_TopicCategoryCode>society</MD_TopicCategoryCode>
</topicCategory>
<topicCategory>
<MD_TopicCategoryCode>transportation</MD_TopicCategoryCode>
</topicCategory>
<environmentDescription>
<gco:CharacterString>Arc/Info</gco:CharacterString>
</environmentDescription>
<extent>
<EX_Extent>
<geographicElement>
<EX_GeographicBoundingBox>
<westBoundLongitude>
<gco:Decimal>-73.305662</gco:Decimal>
</westBoundLongitude>
<eastBoundLongitude>
<gco:Decimal>-72.254085</gco:Decimal>
</eastBoundLongitude>
<southBoundLatitude>
<gco:Decimal>42.623046</gco:Decimal>
</southBoundLatitude>
<northBoundLatitude>
<gco:Decimal>44.261105</gco:Decimal>
</northBoundLatitude>
</EX_GeographicBoundingBox>
</geographicElement>
</EX_Extent>
</extent>
<extent>
<EX_Extent>
<description>
<gco:CharacterString>publication date</gco:CharacterString>
</description>
</EX_Extent>
</extent>
</MD_DataIdentification>
</identificationInfo>
<distributionInfo>
<MD_Distribution>
<distributionFormat>
<MD_Format>
<name>
<gco:CharacterString>SHP</gco:CharacterString>
</name>
<version gco:nilReason="missing"/>
<specification>
<gco:CharacterString>ESRI Shapefile format (compressed into ZIP file format)</gco:CharacterString>
</specification>
<fileDecompressionTechnique>
<gco:CharacterString>ZIP extraction tool</gco:CharacterString>
</fileDecompressionTechnique>
</MD_Format>
</distributionFormat>
<distributor>
<MD_Distributor>
<distributorContact>
<CI_ResponsibleParty>
<organisationName>
<gco:CharacterString>VT Center for Geographic Information</gco:CharacterString>
</organisationName>
<contactInfo>
<CI_Contact>
<phone>
<CI_Telephone>
<voice>
<gco:CharacterString>802/882-3002</gco:CharacterString>
</voice>
<voice>
<gco:CharacterString>None</gco:CharacterString>
</voice>
<facsimile>
<gco:CharacterString>802/828-3383</gco:CharacterString>
</facsimile>
</CI_Telephone>
</phone>
<address>
<CI_Address>
<deliveryPoint>
<gco:CharacterString>1 National Life Dr., Davis Building, 6th Floor</gco:CharacterString>
</deliveryPoint>
<city>
<gco:CharacterString>Montpelier</gco:CharacterString>
</city>
<administrativeArea>
<gco:CharacterString>VT</gco:CharacterString>
</administrativeArea>
<postalCode>
<gco:CharacterString>05620-0501</gco:CharacterString>
</postalCode>
<country>
<Country codeList="http://www.iso.org/iso/country_codes/iso_3166_code_lists.htm" codeListValue="US" codeSpace="ISO3166-1">US</Country>
</country>
<electronicMailAddress>
<gco:CharacterString>accd.vcgiinfo@vermont.gov</gco:CharacterString>
</electronicMailAddress>
</CI_Address>
</address>
<hoursOfService>
<gco:CharacterString>9am - 5pm, M-F</gco:CharacterString>
</hoursOfService>
</CI_Contact>
</contactInfo>
<role>
<CI_RoleCode codeList="http://www.isotc211.org/2005/resources/Codelist/gmxCodelists.xml#CI_RoleCode" codeListValue="distributor" codeSpace="ISOTC211/19115">distributor</CI_RoleCode>
</role>
</CI_ResponsibleParty>
</distributorContact>
<distributionOrderProcess>
<MD_StandardOrderProcess>
<fees>
<gco:CharacterString>No charge when downloading from the internet, and when no custom processing is required.</gco:CharacterString>
</fees>
<plannedAvailableDateTime>
<gco:DateTime>2011-06-24T00:00:00</gco:DateTime>
</plannedAvailableDateTime>
<orderingInstructions>
<gco:CharacterString>Send an email describing data request to accd.vcgiinfo@vermont.gov</gco:CharacterString>
</orderingInstructions>
<turnaround>
<gco:CharacterString>About 5 days.</gco:CharacterString>
</turnaround>
</MD_StandardOrderProcess>
</distributionOrderProcess>
</MD_Distributor>
</distributor>
<transferOptions>
<MD_DigitalTransferOptions>
<onLine>
<CI_OnlineResource>
<linkage>
<URL>http://maps.vcgi.vermont.gov/gisdata/vcgi/packaged_zips/TourismTrails_GMNFTRAILS.zip</URL>
</linkage>
<protocol gco:nilReason="missing"/>
<name>
<gco:CharacterString>Download Pre-packaged Data</gco:CharacterString>
</name>
<function>
<CI_OnLineFunctionCode codeList="http://www.isotc211.org/2005/resources/Codelist/gmxCodelists.xml#CI_OnLineFunctionCode" codeListValue="download" codeSpace="ISOTC211/19115">download</CI_OnLineFunctionCode>
</function>
</CI_OnlineResource>
</onLine>
</MD_DigitalTransferOptions>
</transferOptions>
<transferOptions>
<MD_DigitalTransferOptions>
<onLine>
<CI_OnlineResource>
<linkage>
<URL>http://maps.vcgi.vermont.gov/gisdata/vcgi/packaged_zips/TourismTrails_GMNFTRAILS.zip</URL>
</linkage>
<protocol gco:nilReason="missing"/>
<description>
<gco:CharacterString>Download from web site.</gco:CharacterString>
</description>
</CI_OnlineResource>
</onLine>
</MD_DigitalTransferOptions>
</transferOptions>
<transferOptions>
<MD_DigitalTransferOptions>
<offLine>
<MD_Medium>
<name>
<MD_MediumNameCode codeList="http://www.fgdc.gov/nap/metadata/register/codelists.html#napMD_MediumNameCode" codeListValue="USBFlashDrive" codeSpace="ISOTC211/19139/NAP">USBFlashDrive</MD_MediumNameCode>
</name>
</MD_Medium>
</offLine>
</MD_DigitalTransferOptions>
</transferOptions>
<transferOptions>
<MD_DigitalTransferOptions/>
</transferOptions>
</MD_Distribution>
</distributionInfo>
<dataQualityInfo>
<DQ_DataQuality>
<scope>
<DQ_Scope>
<level>
<MD_ScopeCode codeList="http://www.isotc211.org/2005/resources/Codelist/gmxCodelists.xml#MD_ScopeCode" codeListValue="dataset" codeSpace="ISOTC211/19115">dataset</MD_ScopeCode>
</level>
</DQ_Scope>
</scope>
<report>
<DQ_TopologicalConsistency>
<evaluationMethodDescription>
<gco:CharacterString>The data are topologically correct</gco:CharacterString>
</evaluationMethodDescription>
<result gco:nilReason="missing"/>
</DQ_TopologicalConsistency>
</report>
<report>
<DQ_ConceptualConsistency>
<measureDescription>
<gco:CharacterString>The data are topologically correct</gco:CharacterString>
</measureDescription>
<result gco:nilReason="missing"/>
</DQ_ConceptualConsistency>
</report>
<report>
<DQ_CompletenessOmission>
<measureDescription>
<gco:CharacterString>In general, the travel_route layer (which was the basis of GMNFTRAILS) is complete for Forest Service roads and trails within the proclamation boundary of the Green Mountain National Forest. For other public and private roads and trails in the adjacent six-county area some data is inevitably out of date or missing. The layer undergoes continuous updates to improve accuracy and completeness, although Forest Service road data are more aggressively maintained than other roads. Private and other public road data are not as well-maintained since they do not apply as well to the mission of the Forest. NOTE: It should be noted that the GMNFTRAILS layer includes a subset of features from the GMNF travel_route layer.</gco:CharacterString>
</measureDescription>
<result gco:nilReason="missing"/>
</DQ_CompletenessOmission>
</report>
<report>
<DQ_QuantitativeAttributeAccuracy>
<measureDescription>
<gco:CharacterString>Attributes are continuously updated to maintain accuracy, although efforts are concentrated on Forest Service roads and trails.</gco:CharacterString>
</measureDescription>
<result gco:nilReason="missing"/>
</DQ_QuantitativeAttributeAccuracy>
</report>
<report>
<DQ_AbsoluteExternalPositionalAccuracy>
<measureDescription>
<gco:CharacterString>Accuracy testing must use NSSDA testing guidelines or be reported based on compiled, published test reports appropriate for the data collection method and equipment. The method of determining accuracy should be documented in the process step of the dataset metadata record. If published accuracy results are used, use the statement 'Compiled to meet ___ (meters, feet) horizontal accuracy at 95% confidence interval' in the metadata record, and identify the testing source used. If accuracy is locally tested to NSSDA standards, the statement 'Tested to meet ___ (meters, feet) horizontal accuracy at 95% confidence interval' should be added to the metadata record. Accuracy for legacy data may be reported according to the accuracy standard in place at the time of data collection (typically National Map Accuracy Standards). Document the standard used in the metadata record. (For more information, see: http://www.fgdc.gov/standards/documents/standards/accuracy/chapter3.pdf)</gco:CharacterString>
</measureDescription>
<result gco:nilReason="missing"/>
</DQ_AbsoluteExternalPositionalAccuracy>
</report>
<lineage>
<LI_Lineage>
<processStep>
<LI_ProcessStep>
<description>
<gco:CharacterString>The original data were derived from Cartographic Feature Files (roads and trails within all quadrangles within or partially within the Forest) in 1995. Later, a need was identified for roads and trails data across a greater extent, and Vermont Agency of Transportation data was incorporated in 2000. Many updates have been made to both location and attribute data since the original data collection. Location sources include GPS data, digitizing from DOQ's, and updates from state, county, or other agency sources. Sources of attribute data include the original VAOT layer, a roads inventory conducted by the Forest Service, the FS INFRA application, FS TIS (Transportation Inventory System, precursor to INFRA), and other sources.</gco:CharacterString>
</description>
</LI_ProcessStep>
</processStep>
<processStep>
<LI_ProcessStep>
<description>
<gco:CharacterString>The TRAVEL_ROUTE coverage (and LTAT extract) were provided to VCGI by Bruce Reid from the GMNF on 8/28/2003. VCGI extracted the route_road, route_trail, and route_ltat from the data provided. GMNFTRAILS does not include the route_highway or arcs from the original TRAVEL_ROUTE coverage. VCGI modifed the TRAVEL_ROUTE metadata prepared by GMNF in order to create the metadata for GMNFTRAILS. The data was loaded into the VGIS Data Warehouse for distribution.</gco:CharacterString>
</description>
<dateTime>
<gco:DateTime>2007-06-14T00:00:00</gco:DateTime>
</dateTime>
<processor>
<CI_ResponsibleParty>
<individualName>
<gco:CharacterString>Steve Sharp</gco:CharacterString>
</individualName>
<organisationName>
<gco:CharacterString>VCGI</gco:CharacterString>
</organisationName>
<positionName>
<gco:CharacterString>GIS Database Administrator</gco:CharacterString>
</positionName>
<contactInfo gco:nilReason="missing"/>
<role>
<CI_RoleCode codeList="http://www.isotc211.org/2005/resources/Codelist/gmxCodelists.xml#CI_RoleCode" codeListValue="processor" codeSpace="ISOTC211/19115">processor</CI_RoleCode>
</role>
</CI_ResponsibleParty>
</processor>
</LI_ProcessStep>
</processStep>
<processStep>
<LI_ProcessStep>
<description>
<gco:CharacterString>An updated version of trail and road data was provided to VCGI by G.Stoddard from the GMNF in March 2009. VCGI used the data to replace the existing version of ROAD and TRAIL feature classes. The LTAT layer was updated by extracing features labeled as Appalachian Trail or Long Trail in the TRAIL layer. VCGI modifed this metadata record based on informatio submited by G. Stoddard. The data was loaded into the VGIS Data Warehouse for distribution.</gco:CharacterString>
</description>
<dateTime>
<gco:DateTime>2011-06-24T00:00:00</gco:DateTime>
</dateTime>
<processor>
<CI_ResponsibleParty>
<individualName>
<gco:CharacterString>Steve Sharp</gco:CharacterString>
</individualName>
<organisationName>
<gco:CharacterString>VCGI</gco:CharacterString>
</organisationName>
<positionName>
<gco:CharacterString>GIS Database Administrator</gco:CharacterString>
</positionName>
<contactInfo gco:nilReason="missing"/>
<role>
<CI_RoleCode codeList="http://www.isotc211.org/2005/resources/Codelist/gmxCodelists.xml#CI_RoleCode" codeListValue="processor" codeSpace="ISOTC211/19115">processor</CI_RoleCode>
</role>
</CI_ResponsibleParty>
</processor>
</LI_ProcessStep>
</processStep>
<source>
<LI_Source>
<description>
<gco:CharacterString>Public road data from outside the Forest boundary were originally derived from Vermont Agency of Transportation data.</gco:CharacterString>
</description>
<sourceCitation>
<CI_Citation>
<title gco:nilReason="missing"/>
<date>
<CI_Date>
<date>
<gco:Date>2000-01-01</gco:Date>
</date>
<dateType>
<CI_DateTypeCode codeList="http://www.isotc211.org/2005/resources/Codelist/gmxCodelists.xml#CI_DateTypeCode" codeListValue="publication" codeSpace="ISOTC211/19115">publication</CI_DateTypeCode>
</dateType>
</CI_Date>
</date>
<citedResponsibleParty gco:nilReason="missing"/>
</CI_Citation>
</sourceCitation>
</LI_Source>
</source>
<source>
<LI_Source>
<description>
<gco:CharacterString>All road data within all quadrangles within or partially within the proclamation boundary of the Forest were originally derived from Forest Service Cartographic Feature Files.</gco:CharacterString>
</description>
<scaleDenominator>
<MD_RepresentativeFraction>
<denominator>
<gco:Integer>24000</gco:Integer>
</denominator>
</MD_RepresentativeFraction>
</scaleDenominator>
<sourceCitation>
<CI_Citation>
<title>
<gco:CharacterString>Cartographic Feature Files</gco:CharacterString>
</title>
<date>
<CI_Date>
<date>
<gco:Date>2009-01-01</gco:Date>
</date>
<dateType>
<CI_DateTypeCode codeList="http://www.isotc211.org/2005/resources/Codelist/gmxCodelists.xml#CI_DateTypeCode" codeListValue="publication" codeSpace="ISOTC211/19115">publication</CI_DateTypeCode>
</dateType>
</CI_Date>
</date>
<citedResponsibleParty gco:nilReason="missing"/>
</CI_Citation>
</sourceCitation>
<sourceExtent>
<EX_Extent>
<description>
<gco:CharacterString>publication date</gco:CharacterString>
</description>
</EX_Extent>
</sourceExtent>
</LI_Source>
</source>
</LI_Lineage>
</lineage>
</DQ_DataQuality>
</dataQualityInfo>
<metadataConstraints>
<MD_SecurityConstraints>
<classification>
<MD_ClassificationCode codeList="http://www.isotc211.org/2005/resources/Codelist/gmxCodelists.xml#MD_ClassificationCode" codeListValue="unclassified" codeSpace="ISOTC211/19115">unclassified</MD_ClassificationCode>
</classification>
<classificationSystem>
<gco:CharacterString>N/A</gco:CharacterString>
</classificationSystem>
<handlingDescription>
<gco:CharacterString>No security considerations</gco:CharacterString>
</handlingDescription>
</MD_SecurityConstraints>
</metadataConstraints>
</MD_Metadata>
